enb_id,yyyymmddhh,prb_usage,active_user,active_user2
34017,2014081900,0.333875,1.374875,1.374875
34017,2014081901,0.778785714286,3.13278571429,3.13278571429
34017,2014081902,0.2654,0.9244,0.9244
34017,2014081903,0.686,3.01136363636,3.01136363636
34017,2014081904,0.0612307692308,0.530153846154,0.530153846154
34017,2014081905,0.0500769230769,0.523461538462,0.523461538462
34017,2014081906,0.0544,0.6062,0.6062
34017,2014081907,0.106384615385,0.615230769231,0.615230769231
34017,2014081908,0.122,0.856941176471,0.856941176471
34017,2014081909,0.167,0.958764705882,0.958764705882
34017,2014081910,0.157666666667,1.048,1.048
34017,2014081911,0.328823529412,1.59905882353,1.59905882353
34017,2014081912,0.362666666667,1.60583333333,1.60583333333
34017,2014081913,0.398,1.4875,1.4875
34017,2014081914,0.39,1.388,1.388
34017,2014081915,0.245058823529,1.33952941176,1.33952941176
34017,2014081916,0.4030625,1.560875,1.560875
34026,2014081900,1.297,5.007,5.007
34026,2014081901,1.92675,7.427,7.427
34026,2014081902,1.28175,4.129,4.129
34026,2014081903,0.5825,3.0185,3.0185
34026,2014081904,0.614,2.69,2.69
34026,2014081905,0.19125,1.10325,1.10325
34026,2014081906,0.633,2.0605,2.0605
34026,2014081907,0.6615,3.09775,3.09775
34026,2014081908,0.54725,2.20175,2.20175
34026,2014081909,1.2915,3.05225,3.05225
34026,2014081910,0.927,3.1945,3.1945
34026,2014081911,0.919,4.01025,4.01025
34026,2014081912,1.13025,3.86825,3.86825
34026,2014081913,1.07225,4.1275,4.1275
34026,2014081914,1.575,6.02975,6.02975
34026,2014081915,0.14175,1.218,1.218
34026,2014081916,0.65925,3.37275,3.37275
34027,2014081900,13.6864,36.1123,36.1123
34027,2014081901,4.2806,15.0136,15.0136
34027,2014081902,2.9825,9.5977,9.5977
34027,2014081903,4.1942,15.0506,15.0506
34027,2014081904,1.9727,6.5197,6.5197
34027,2014081905,0.9115,2.8463,2.8463
34027,2014081906,1.707,6.2412,6.2412
34027,2014081907,1.1106,3.6722,3.6722
34027,2014081908,1.4972,4.5388,4.5388
34027,2014081909,3.7891,9.9509,9.9509
34027,2014081910,4.63,12.5117,12.5117
34027,2014081911,3.0634,8.1188,8.1188
34027,2014081912,5.2856,15.5809,15.5809
34027,2014081913,7.0138,18.2944,18.2944
34027,2014081914,4.7849,13.1962,13.1962
34027,2014081915,4.0417,11.2974,11.2974
34027,2014081916,5.0524,12.5796,12.5796
34028,2014081900,1.029,2.4155,2.4155
34028,2014081901,1.248,4.0205,4.0205
34028,2014081902,0.666,2.3925,2.3925
34028,2014081903,1.721,5.209,5.209
34028,2014081904,0.725,2.1955,2.1955
34028,2014081905,0.2925,0.703,0.703
34028,2014081906,0.22,0.691,0.691
34028,2014081907,1.0715,3.115,3.115
34028,2014081908,1.885,5.9665,5.9665
34028,2014081909,1.078,3.075,3.075
34028,2014081910,0.933,1.491,1.491
34028,2014081911,0.7695,1.8255,1.8255
34028,2014081912,1.3175,3.5775,3.5775
34028,2014081913,1.9705,5.426,5.426
34028,2014081914,3.037,4.7505,4.7505
34028,2014081915,1.5905,4.073,4.073
34028,2014081916,1.487,3.5695,3.5695
34037,2014081900,5.25413043478,13.3305217391,13.3305217391
34037,2014081901,2.3455862069,7.89906896552,7.89906896552
34037,2014081902,1.23111111111,4.16144444444,4.16144444444
34037,2014081903,0.59292,2.08128,2.08128
34037,2014081904,0.496107142857,1.83814285714,1.83814285714
34037,2014081905,0.82925,2.834625,2.834625
34037,2014081906,1.84296551724,3.70882758621,3.70882758621
34037,2014081907,1.03832,2.91704,2.91704
34037,2014081908,0.8745,2.78639285714,2.78639285714
34037,2014081909,0.74625,2.858375,2.858375
34037,2014081910,3.21874074074,10.2934074074,10.2934074074
34037,2014081911,2.47608695652,8.08917391304,8.08917391304
34037,2014081912,3.344625,8.913625,8.913625
34037,2014081913,6.14554545455,26.0313636364,26.0313636364
34037,2014081914,2.73196,7.85044,7.85044
34037,2014081915,3.21407407407,7.99844444444,7.99844444444
34037,2014081916,4.03804,10.18768,10.18768
34038,2014081900,2.026,8.00771428571,8.00771428571
34038,2014081901,0.2925,1.15931818182,1.15931818182
34038,2014081902,0.361428571429,1.40628571429,1.40628571429
34038,2014081903,1.129,3.530125,3.530125
34038,2014081904,1.07191304348,4.08265217391,4.08265217391
34038,2014081905,0.52325,2.67675,2.67675
34038,2014081906,0.249875,1.083125,1.083125
34038,2014081907,0.59165,2.50255,2.50255
34038,2014081908,0.862523809524,3.77076190476,3.77076190476
34038,2014081909,0.624565217391,1.67643478261,1.67643478261
34038,2014081910,0.664909090909,2.89963636364,2.89963636364
34038,2014081911,0.299136363636,1.50522727273,1.50522727273
34038,2014081912,1.04747826087,4.04804347826,4.04804347826
34038,2014081913,0.601086956522,2.53782608696,2.53782608696
34038,2014081914,0.974347826087,3.02113043478,3.02113043478
34038,2014081915,1.56578947368,4.72563157895,4.72563157895
34038,2014081916,1.13571428571,4.51228571429,4.51228571429
34046,2014081900,7.24125,21.2895,21.2895
34046,2014081901,2.723,6.91025,6.91025
34046,2014081902,1.9395,6.2675,6.2675
34046,2014081903,2.91525,10.51925,10.51925
34046,2014081904,1.5135,4.5855,4.5855
34046,2014081905,0.74825,2.5865,2.5865
34046,2014081906,2.24275,8.17625,8.17625
34046,2014081907,0.74,2.19075,2.19075
34046,2014081908,3.04025,9.313,9.313
34046,2014081909,2.52325,7.20925,7.20925
34046,2014081910,2.81275,7.2445,7.2445
34046,2014081911,1.74725,4.1295,4.1295
34046,2014081912,5.57175,14.624,14.624
34046,2014081913,3.7525,10.339,10.339
34046,2014081914,6.1675,19.17025,19.17025
34046,2014081915,5.1015,10.81975,10.81975
34046,2014081916,5.22,14.5325,14.5325
34096,2014081900,2.8775,11.2335,11.2335
34096,2014081901,1.422,6.4505,6.4505
34096,2014081902,4.7795,17.548,17.548
34096,2014081903,2.441,9.6,9.6
34096,2014081904,0.599,2.378,2.378
34096,2014081905,0.212,1.259,1.259
34096,2014081906,0.775,2.101,2.101
34096,2014081907,1.623,5.7105,5.7105
34096,2014081908,1.425,5.6,5.6
34096,2014081909,1.1225,3.6515,3.6515
34096,2014081910,2.972,11.7735,11.7735
34096,2014081911,1.1035,3.6655,3.6655
34096,2014081912,1.751,8.3925,8.3925
34096,2014081913,6.09,26.831,26.831
34096,2014081914,1.2045,4.9805,4.9805
34096,2014081915,8.21,35.0115,35.0115
34096,2014081916,14.782,50.524,50.524
34097,2014081900,3.415625,10.034625,10.034625
34097,2014081901,2.086,7.961625,7.961625
34097,2014081902,0.85525,3.397375,3.397375
34097,2014081903,0.727625,2.7165,2.7165
34097,2014081904,0.4215,1.897,1.897
34097,2014081905,0.406125,1.956375,1.956375
34097,2014081906,0.988125,3.18525,3.18525
34097,2014081907,0.922125,3.784625,3.784625
34097,2014081908,1.677875,6.282375,6.282375
34097,2014081909,1.300375,3.6085,3.6085
34097,2014081910,1.607875,5.27325,5.27325
34097,2014081911,3.481375,10.920125,10.920125
34097,2014081912,2.33025,7.94225,7.94225
34097,2014081913,1.375875,4.201875,4.201875
34097,2014081914,2.345,8.193125,8.193125
34097,2014081915,2.93725,13.082625,13.082625
34097,2014081916,3.84225,12.710625,12.710625
34277,2014081900,1.34620689655,5.03848275862,5.03848275862
34277,2014081901,0.137375,0.88375,0.88375
34277,2014081902,0.342272727273,1.56404545455,1.56404545455
34277,2014081903,3.5358,17.3732,17.3732
34277,2014081904,0.0705454545455,0.728636363636,0.728636363636
34277,2014081905,0.04332,0.69812,0.69812
34277,2014081906,0.08864,0.77244,0.77244
34277,2014081907,0.382208333333,1.7755,1.7755
34277,2014081908,0.331,1.497,1.497
34277,2014081909,0.1907,1.23,1.23
34277,2014081910,0.63644,2.8572,2.8572
34277,2014081911,1.26384,5.41288,5.41288
34277,2014081912,0.845103448276,3.98362068966,3.98362068966
34277,2014081913,0.55188,2.45868,2.45868
34277,2014081914,0.990045454545,3.95172727273,3.95172727273
34277,2014081915,0.194653846154,1.42246153846,1.42246153846
34277,2014081916,0.46175,2.06429166667,2.06429166667
34278,2014081900,8.22575,22.283875,22.283875
34278,2014081901,1.875875,7.360125,7.360125
34278,2014081902,2.224125,8.19275,8.19275
34278,2014081903,1.609375,6.474375,6.474375
34278,2014081904,1.3795,6.08075,6.08075
34278,2014081905,1.96525,8.357,8.357
34278,2014081906,6.396625,21.592375,21.592375
34278,2014081907,1.005625,3.196,3.196
34278,2014081908,0.847875,2.66175,2.66175
34278,2014081909,1.88125,5.649875,5.649875
34278,2014081910,3.615875,11.902875,11.902875
34278,2014081911,3.465625,10.47475,10.47475
34278,2014081912,3.938625,10.46075,10.46075
34278,2014081913,4.03975,14.17075,14.17075
34278,2014081914,3.343,10.041125,10.041125
34278,2014081915,2.829625,8.17925,8.17925
34278,2014081916,2.64775,6.44225,6.44225
34287,2014081900,5.84772727273,14.6572727273,14.6572727273
34287,2014081901,1.89990909091,5.85136363636,5.85136363636
34287,2014081902,2.11288235294,6.36120588235,6.36120588235
34287,2014081903,0.827,2.95308333333,2.95308333333
34287,2014081904,1.12091666667,3.81783333333,3.81783333333
34287,2014081905,3.29618181818,12.1515454545,12.1515454545
34287,2014081906,1.73117647059,5.98808823529,5.98808823529
34287,2014081907,2.28963636364,6.37645454545,6.37645454545
34287,2014081908,1.84266666667,5.87858333333,5.87858333333
34287,2014081909,3.59536363636,8.33281818182,8.33281818182
34287,2014081910,3.87605882353,9.18673529412,9.18673529412
34287,2014081911,5.53522580645,13.8926451613,13.8926451613
34287,2014081912,2.89514285714,6.94922857143,6.94922857143
34287,2014081913,3.84674193548,10.3963225806,10.3963225806
34287,2014081914,4.39068571429,11.3563428571,11.3563428571
34287,2014081915,2.47641666667,6.96758333333,6.96758333333
34287,2014081916,5.88188571429,15.5766571429,15.5766571429
34298,2014081900,11.5763333333,29.3548333333,29.3548333333
34298,2014081901,6.86533333333,26.0388333333,26.0388333333
34298,2014081902,12.9075,30.9216666667,30.9216666667
34298,2014081903,2.29583333333,8.45916666667,8.45916666667
34298,2014081904,1.4655,3.5855,3.5855
34298,2014081905,3.18266666667,13.9501666667,13.9501666667
34298,2014081906,1.7985,7.23766666667,7.23766666667
34298,2014081907,1.72583333333,6.8545,6.8545
34298,2014081908,2.159,7.72533333333,7.72533333333
34298,2014081909,2.35166666667,6.65383333333,6.65383333333
34298,2014081910,3.76283333333,13.4291666667,13.4291666667
34298,2014081911,5.18433333333,18.8038333333,18.8038333333
34298,2014081912,3.4535,9.94683333333,9.94683333333
34298,2014081913,5.989,18.362,18.362
34298,2014081914,3.462,10.3301666667,10.3301666667
34298,2014081915,3.39466666667,9.23166666667,9.23166666667
34298,2014081916,2.2995,6.49316666667,6.49316666667
34317,2014081900,6.86025,21.435,21.435
34317,2014081901,1.45625,4.644125,4.644125
34317,2014081902,0.74025,2.2495,2.2495
34317,2014081903,0.8085,3.190125,3.190125
34317,2014081904,0.671375,2.881125,2.881125
34317,2014081905,1.437,5.67175,5.67175
34317,2014081906,0.90975,3.145875,3.145875
34317,2014081907,0.557125,1.81475,1.81475
34317,2014081908,2.627625,10.7545,10.7545
34317,2014081909,1.967625,6.073125,6.073125
34317,2014081910,1.91826086957,6.19365217391,6.19365217391
34317,2014081911,3.448625,8.610625,8.610625
34317,2014081912,3.1695,10.053375,10.053375
34317,2014081913,2.794625,7.09025,7.09025
34317,2014081914,2.6567826087,7.08891304348,7.08891304348
34317,2014081915,6.92734782609,15.7007391304,15.7007391304
34317,2014081916,4.077375,10.817375,10.817375
34318,2014081900,3.39066666667,9.73666666667,9.73666666667
34318,2014081901,2.30325,7.95683333333,7.95683333333
34318,2014081902,2.25533333333,6.8045,6.8045
34318,2014081903,1.39833333333,4.98341666667,4.98341666667
34318,2014081904,0.926833333333,3.26416666667,3.26416666667
34318,2014081905,1.27508333333,4.22925,4.22925
34318,2014081906,1.55728571429,4.87397142857,4.87397142857
34318,2014081907,0.83525,2.55891666667,2.55891666667
34318,2014081908,2.00325,6.08116666667,6.08116666667
34318,2014081909,2.37758333333,6.51166666667,6.51166666667
34318,2014081910,4.64175,12.9941666667,12.9941666667
34318,2014081911,5.56241666667,13.7235,13.7235
34318,2014081912,6.20175,15.7888333333,15.7888333333
34318,2014081913,6.89391666667,17.9505,17.9505
34318,2014081914,7.13475,19.76825,19.76825
34318,2014081915,5.61225,15.2873333333,15.2873333333
34318,2014081916,3.62408333333,9.52825,9.52825
34357,2014081900,4.18575,11.6805,11.6805
34357,2014081901,4.35508333333,15.4794166667,15.4794166667
34357,2014081902,2.65891666667,8.53125,8.53125
34357,2014081903,2.90158333333,10.0305,10.0305
34357,2014081904,2.38825,8.23125,8.23125
34357,2014081905,6.01208333333,17.7465,17.7465
34357,2014081906,4.17408333333,14.1665833333,14.1665833333
34357,2014081907,2.82933333333,9.88233333333,9.88233333333
34357,2014081908,2.48008333333,8.6835,8.6835
34357,2014081909,1.99716666667,5.62366666667,5.62366666667
34357,2014081910,4.26516666667,11.1375833333,11.1375833333
34357,2014081911,4.137,12.09675,12.09675
34357,2014081912,8.15683333333,23.4370833333,23.4370833333
34357,2014081913,5.0765,14.5640833333,14.5640833333
34357,2014081914,5.16991666667,15.7530833333,15.7530833333
34357,2014081915,5.60641666667,15.7325,15.7325
34357,2014081916,7.69441666667,27.8659166667,27.8659166667
34358,2014081900,2.44916666667,7.31175,7.31175
34358,2014081901,1.41183333333,4.86108333333,4.86108333333
34358,2014081902,0.905416666667,3.55775,3.55775
34358,2014081903,1.84983333333,7.39058333333,7.39058333333
34358,2014081904,0.757833333333,3.1425,3.1425
34358,2014081905,0.482666666667,1.96033333333,1.96033333333
34358,2014081906,0.298833333333,1.26266666667,1.26266666667
34358,2014081907,0.523833333333,2.14441666667,2.14441666667
34358,2014081908,0.5865,2.635,2.635
34358,2014081909,1.57471428571,5.96091428571,5.96091428571
34358,2014081910,1.61433333333,5.93533333333,5.93533333333
34358,2014081911,2.0255,7.88491666667,7.88491666667
34358,2014081912,4.99125,17.6986666667,17.6986666667
34358,2014081913,1.58158333333,5.02075,5.02075
34358,2014081914,2.32558333333,7.35591666667,7.35591666667
34358,2014081915,2.6545,9.28975,9.28975
34358,2014081916,2.34483333333,7.87275,7.87275
34367,2014081900,2.3745,6.24583333333,6.24583333333
34367,2014081901,0.964833333333,2.5385,2.5385
34367,2014081902,0.739166666667,1.86266666667,1.86266666667
34367,2014081903,1.06533333333,3.32966666667,3.32966666667
34367,2014081904,0.703833333333,2.82433333333,2.82433333333
34367,2014081905,0.529333333333,1.7435,1.7435
34367,2014081906,0.6035,1.49,1.49
34367,2014081907,2.1465,7.07483333333,7.07483333333
34367,2014081908,1.15166666667,3.50933333333,3.50933333333
34367,2014081909,1.36783333333,4.8955,4.8955
34367,2014081910,2.27966666667,9.07816666667,9.07816666667
34367,2014081911,1.5275,5.84333333333,5.84333333333
34367,2014081912,0.6735,1.89783333333,1.89783333333
34367,2014081913,1.49083333333,5.0825,5.0825
34367,2014081914,1.20883333333,3.34316666667,3.34316666667
34367,2014081915,1.4725,4.30483333333,4.30483333333
34367,2014081916,2.17483333333,5.3175,5.3175
34368,2014081900,3.4606,12.5983,12.5983
34368,2014081901,1.0614,3.7324,3.7324
34368,2014081902,1.0079,3.5505,3.5505
34368,2014081903,0.794,2.6078,2.6078
34368,2014081904,0.6068,2.437,2.437
34368,2014081905,0.5909,2.4779,2.4779
34368,2014081906,1.0129,4.0137,4.0137
34368,2014081907,1.844,6.5813,6.5813
34368,2014081908,2.0669,6.1014,6.1014
34368,2014081909,1.4701,4.1767,4.1767
34368,2014081910,2.988,8.0447,8.0447
34368,2014081911,2.1259,6.127,6.127
34368,2014081912,2.756,7.9667,7.9667
34368,2014081913,3.0828,9.6596,9.6596
34368,2014081914,2.3993,6.3884,6.3884
34368,2014081915,2.1658,6.3191,6.3191
34368,2014081916,2.973,7.7673,7.7673
34376,2014081900,1.73075,5.14575,5.14575
34376,2014081901,0.27325,1.05225,1.05225
34376,2014081902,0.277,0.7905,0.7905
34376,2014081903,0.4125,1.38525,1.38525
34376,2014081904,0.11825,0.56275,0.56275
34376,2014081905,0.1485,0.608,0.608
34376,2014081906,0.16425,0.65975,0.65975
34376,2014081907,0.42625,1.161,1.161
34376,2014081908,0.381,1.7755,1.7755
34376,2014081909,0.32175,1.3455,1.3455
34376,2014081910,0.186,0.9995,0.9995
34376,2014081911,0.70025,2.09275,2.09275
34376,2014081912,0.5895,1.91375,1.91375
34376,2014081913,0.3054,1.0952,1.0952
34376,2014081914,0.2553,0.9573,0.9573
34376,2014081915,0.2145,0.996,0.996
34376,2014081916,0.147333333333,1.288,1.288
34377,2014081900,7.1765,20.83925,20.83925
34377,2014081901,1.97775,7.054,7.054
34377,2014081902,1.53025,5.71725,5.71725
34377,2014081903,1.1925,4.6,4.6
34377,2014081904,1.8875,7.38275,7.38275
34377,2014081905,0.78825,2.93575,2.93575
34377,2014081906,0.38925,1.44975,1.44975
34377,2014081907,0.52775,1.6255,1.6255
34377,2014081908,0.72825,2.65125,2.65125
34377,2014081909,1.64,4.66275,4.66275
34377,2014081910,0.97575,3.72425,3.72425
34377,2014081911,2.586,8.33775,8.33775
34377,2014081912,2.95625,9.2205,9.2205
34377,2014081913,3.47975,10.186,10.186
34377,2014081914,1.08425,3.14125,3.14125
34377,2014081915,2.22575,7.732,7.732
34377,2014081916,1.1665,4.49625,4.49625
34378,2014081900,1.5751,5.9183,5.9183
34378,2014081901,0.6765,3.1611,3.1611
34378,2014081902,0.783,3.6288,3.6288
34378,2014081903,0.360827586207,2.02789655172,2.02789655172
34378,2014081904,0.2247,1.3854,1.3854
34378,2014081905,0.4971,2.4118,2.4118
34378,2014081906,1.0818,4.2603,4.2603
34378,2014081907,0.7123,2.4887,2.4887
34378,2014081908,1.0574,3.6056,3.6056
34378,2014081909,1.31707142857,5.00796428571,5.00796428571
34378,2014081910,2.3323,7.5823,7.5823
34378,2014081911,2.32348275862,8.17713793103,8.17713793103
34378,2014081912,2.23077777778,6.87333333333,6.87333333333
34378,2014081913,1.50269230769,6.00588461538,6.00588461538
34378,2014081914,2.48286206897,7.30268965517,7.30268965517
34378,2014081915,1.45496551724,5.44868965517,5.44868965517
34378,2014081916,1.5012,4.5887,4.5887
65560,2014081900,1.074,3.0165,3.0165
65560,2014081901,0.2585,1.042,1.042
65560,2014081902,0.27,0.923,0.923
65560,2014081903,0.83675,3.21425,3.21425
65560,2014081904,0.68025,2.728,2.728
65560,2014081905,0.109,0.51775,0.51775
65560,2014081906,0.54175,1.587,1.587
65560,2014081907,0.2475,1.0435,1.0435
65560,2014081908,0.8135,3.0055,3.0055
65560,2014081909,1.5605,3.65825,3.65825
65560,2014081910,1.0305,1.306,1.306
65560,2014081911,1.29525,3.196,3.196
65560,2014081912,1.08425,1.483,1.483
65560,2014081913,1.30275,2.368,2.368
65560,2014081914,2.00875,3.895,3.895
65560,2014081915,2.17525,5.455,5.455
65560,2014081916,3.2985,9.3495,9.3495
65759,2014081900,1.1375,2.17995,2.17995
65759,2014081901,0.6889,1.7448,1.7448
65759,2014081902,0.3714,1.0549,1.0549
65759,2014081903,0.3746,1.11145,1.11145
65759,2014081904,0.24275,0.783,0.783
65759,2014081905,0.14815,0.6689,0.6689
65759,2014081906,0.1152,0.5704,0.5704
65759,2014081907,0.110318181818,0.456272727273,0.456272727273
65759,2014081908,0.594814814815,3.11059259259,3.11059259259
65759,2014081909,0.293347826087,1.24539130435,1.24539130435
65759,2014081910,0.09436,0.87048,0.87048
65759,2014081911,0.2327,1.159,1.159
65759,2014081912,0.607928571429,2.42371428571,2.42371428571
65759,2014081913,0.404827586207,1.63972413793,1.63972413793
65759,2014081914,0.8665,2.5075,2.5075
65759,2014081915,0.5983,1.6844,1.6844
65759,2014081916,0.3952,1.4782,1.4782
65760,2014081900,1.01316666667,2.22466666667,2.22466666667
65760,2014081901,1.186,3.86305882353,3.86305882353
65760,2014081902,1.61833333333,5.90966666667,5.90966666667
65760,2014081903,0.3235,0.837,0.837
65760,2014081904,0.309588235294,0.931647058824,0.931647058824
65760,2014081905,0.9116875,3.6050625,3.6050625
65760,2014081906,0.814166666667,3.00866666667,3.00866666667
65760,2014081907,0.724,2.86226666667,2.86226666667
65760,2014081908,0.8155,3.473,3.473
65760,2014081909,1.199,4.01683333333,4.01683333333
65760,2014081910,0.931166666667,2.4655,2.4655
65760,2014081911,1.3395,3.34466666667,3.34466666667
65760,2014081912,2.33083333333,8.45816666667,8.45816666667
65760,2014081913,2.37733333333,7.71666666667,7.71666666667
65760,2014081914,1.83783333333,5.0625,5.0625
65760,2014081915,3.52816666667,10.2745,10.2745
65760,2014081916,1.02133333333,2.93416666667,2.93416666667
65850,2014081900,0.121666666667,0.745285714286,0.745285714286
65850,2014081901,0.11935,0.6994,0.6994
65850,2014081902,0.0681111111111,0.505888888889,0.505888888889
65850,2014081903,0.0983181818182,0.609545454545,0.609545454545
65850,2014081904,0.179954545455,0.826954545455,0.826954545455
65850,2014081905,0.0449230769231,0.453307692308,0.453307692308
65850,2014081906,0.0970833333333,0.532041666667,0.532041666667
65850,2014081907,0.056,0.524461538462,0.524461538462
65850,2014081908,0.520413793103,1.55782758621,1.55782758621
65850,2014081909,0.7269,2.5259,2.5259
65850,2014081910,2.9477,9.023,9.023
65850,2014081911,1.751,4.9828,4.9828
65850,2014081912,3.0546,7.7208,7.7208
65850,2014081913,3.6208,10.36,10.36
65850,2014081914,3.1454,8.117,8.117
65850,2014081915,3.3704,10.0355,10.0355
65850,2014081916,4.0204,12.2942,12.2942
65851,2014081900,0.0848181818182,0.586818181818,0.586818181818
65851,2014081901,0.00372727272727,0.356636363636,0.356636363636
65851,2014081902,0.00176923076923,0.379230769231,0.379230769231
65851,2014081903,0.01125,0.3546875,0.3546875
65851,2014081904,0.0024,0.459,0.459
65851,2014081905,0.000833333333333,0.323,0.323
65851,2014081906,0.0108333333333,0.360111111111,0.360111111111
65851,2014081907,0.0084,0.419666666667,0.419666666667
65851,2014081908,0.0866428571429,0.624892857143,0.624892857143
65851,2014081909,0.438884615385,2.11126923077,2.11126923077
65851,2014081910,0.571833333333,1.78966666667,1.78966666667
65851,2014081911,0.48925,1.91958333333,1.91958333333
65851,2014081912,1.02908333333,3.19408333333,3.19408333333
65851,2014081913,1.52616666667,4.27483333333,4.27483333333
65851,2014081914,1.16675,3.418,3.418
65851,2014081915,1.20758333333,3.6815,3.6815
65851,2014081916,1.63233333333,5.50466666667,5.50466666667
65852,2014081900,0.58968,2.75384,2.75384
65852,2014081901,0.200423076923,0.803153846154,0.803153846154
65852,2014081902,0.114708333333,0.546875,0.546875
65852,2014081903,0.160636363636,0.598772727273,0.598772727273
65852,2014081904,0.0301111111111,0.217055555556,0.217055555556
65852,2014081905,0.284666666667,0.9605,0.9605
65852,2014081906,0.08956,0.69884,0.69884
65852,2014081907,0.0734,0.63935,0.63935
65852,2014081908,0.110928571429,0.856892857143,0.856892857143
65852,2014081909,0.5197,2.392,2.392
65852,2014081910,0.6028,2.5112,2.5112
65852,2014081911,0.6262,2.08,2.08
65852,2014081912,1.5802,4.3231,4.3231
65852,2014081913,2.2563,7.2711,7.2711
65852,2014081914,2.498,7.1629,7.1629
65852,2014081915,2.2079,6.5405,6.5405
65852,2014081916,2.0048,5.6008,5.6008
65853,2014081900,0.49825,1.9825,1.9825
65853,2014081901,0.585967741935,2.73748387097,2.73748387097
65853,2014081902,0.210181818182,0.919090909091,0.919090909091
65853,2014081903,0.0389117647059,0.303970588235,0.303970588235
65853,2014081904,0.19296875,0.83803125,0.83803125
65853,2014081905,0.169434782609,0.874043478261,0.874043478261
65853,2014081906,0.149382352941,0.705735294118,0.705735294118
65853,2014081907,0.926441176471,4.15482352941,4.15482352941
65853,2014081908,0.6605,1.70358333333,1.70358333333
65853,2014081909,1.28225,3.42583333333,3.42583333333
65853,2014081910,2.22583333333,6.979,6.979
65853,2014081911,2.21466666667,6.14183333333,6.14183333333
65853,2014081912,2.39441666667,5.83908333333,5.83908333333
65853,2014081913,2.26091666667,5.39116666667,5.39116666667
65853,2014081914,3.0385,6.61233333333,6.61233333333
65853,2014081915,4.31491666667,9.88191666667,9.88191666667
65853,2014081916,3.51083333333,8.37475,8.37475
65854,2014081900,0.0472857142857,0.388857142857,0.388857142857
65854,2014081901,0.00366666666667,0.3035,0.3035
65854,2014081902,0.0177142857143,0.303428571429,0.303428571429
65854,2014081903,0.0048,0.2916,0.2916
65854,2014081904,0.0171428571429,0.281571428571,0.281571428571
65854,2014081905,0.0015,0.289,0.289
65854,2014081906,0.00445454545455,0.393272727273,0.393272727273
65854,2014081907,0.0213333333333,0.355333333333,0.355333333333
65854,2014081908,0.43675,1.00725,1.00725
65854,2014081909,0.6515,1.568,1.568
65854,2014081910,0.3405,1.178,1.178
65854,2014081911,1.1885,4.89525,4.89525
65854,2014081912,1.66625,4.18725,4.18725
65854,2014081913,1.63775,3.6355,3.6355
65854,2014081914,1.32975,3.995,3.995
65854,2014081915,2.91325,8.42325,8.42325
65854,2014081916,1.22125,3.21875,3.21875
65886,2014081900,0.80875,1.882,1.882
65886,2014081901,0.352666666667,1.60257142857,1.60257142857
65886,2014081902,0.3001,1.01505,1.01505
65886,2014081903,0.992227272727,3.35527272727,3.35527272727
65886,2014081904,0.138130434783,0.660260869565,0.660260869565
65886,2014081905,0.32595,0.71965,0.71965
65886,2014081906,0.737909090909,1.77336363636,1.77336363636
65886,2014081907,0.373625,1.36525,1.36525
65886,2014081908,0.583,1.69675,1.69675
65886,2014081909,1.006375,3.89,3.89
65886,2014081910,5.20075,36.8175,36.8175
65886,2014081911,1.00625,2.672875,2.672875
65886,2014081912,1.90975,6.09575,6.09575
65886,2014081913,2.0925,5.426625,5.426625
65886,2014081914,1.60775,4.8625,4.8625
65886,2014081915,1.47775,4.409625,4.409625
65886,2014081916,3.263625,8.775875,8.775875
65887,2014081900,2.17628571429,2.298,2.298
65887,2014081901,0.758428571429,1.33828571429,1.33828571429
65887,2014081902,0.530857142857,1.06742857143,1.06742857143
65887,2014081903,0.236142857143,0.547571428571,0.547571428571
65887,2014081904,0.239142857143,0.397142857143,0.397142857143
65887,2014081905,0.0098,0.1038,0.1038
65887,2014081906,0.0413333333333,0.097,0.097
65887,2014081907,0.3442,1.091,1.091
65887,2014081908,0.158,0.653428571429,0.653428571429
65887,2014081909,0.376090909091,1.03863636364,1.03863636364
65887,2014081910,0.7985,2.4975,2.4975
65887,2014081911,0.51175,0.91875,0.91875
65887,2014081912,0.90675,2.9485,2.9485
65887,2014081913,0.7745,2.1655,2.1655
65887,2014081914,0.501909090909,1.08109090909,1.08109090909
65887,2014081915,1.2215,3.64325,3.64325
65887,2014081916,0.902363636364,2.54290909091,2.54290909091
65898,2014081900,0.001,0.527,0.527
65898,2014081901,0.002,0.472,0.472
65898,2014081902,0.008,0.473,0.473
65898,2014081903,0.001,0.4475,0.4475
65898,2014081904,0.001,0.4425,0.4425
65898,2014081905,0.001,0.444,0.444
65898,2014081906,0.002,0.469,0.469
65898,2014081907,0.001,0.51,0.51
65898,2014081908,0.01,0.659,0.659
65898,2014081909,0.143,1.2305,1.2305
65898,2014081910,0.1785,1.328,1.328
65898,2014081911,0.9585,3.5755,3.5755
65898,2014081912,0.714,3.068,3.068
65898,2014081913,0.5505,2.218,2.218
65898,2014081914,1.0305,3.672,3.672
65898,2014081915,0.767,3.528,3.528
65898,2014081916,0.675,3.757,3.757
65899,2014081900,0.645666666667,1.768,1.768
65899,2014081901,0.356941176471,1.75182352941,1.75182352941
65899,2014081902,0.132470588235,0.523941176471,0.523941176471
65899,2014081903,0.29,1.5098,1.5098
65899,2014081904,0.607076923077,2.355,2.355
65899,2014081905,0.07985,0.55115,0.55115
65899,2014081906,0.316176470588,0.881764705882,0.881764705882
65899,2014081907,2.36983333333,10.7566666667,10.7566666667
65899,2014081908,0.682666666667,2.57933333333,2.57933333333
65899,2014081909,0.724,2.1455,2.1455
65899,2014081910,1.24733333333,2.80816666667,2.80816666667
65899,2014081911,1.59683333333,4.24516666667,4.24516666667
65899,2014081912,1.56883333333,3.057,3.057
65899,2014081913,1.42483333333,4.05883333333,4.05883333333
65899,2014081914,1.96083333333,4.54183333333,4.54183333333
65899,2014081915,0.974,2.089,2.089
65899,2014081916,1.26416666667,3.6485,3.6485
65900,2014081900,0.326,1.29475,1.29475
65900,2014081901,0.602625,2.4655,2.4655
65900,2014081902,0.496,0.945375,0.945375
65900,2014081903,0.503625,1.739125,1.739125
65900,2014081904,0.621409090909,2.67154545455,2.67154545455
65900,2014081905,0.535,2.492,2.492
65900,2014081906,0.21675,0.78975,0.78975
65900,2014081907,0.203875,0.903125,0.903125
65900,2014081908,1.485,3.575625,3.575625
65900,2014081909,1.24825,3.21325,3.21325
65900,2014081910,3.453625,9.88575,9.88575
65900,2014081911,1.974625,5.20175,5.20175
65900,2014081912,3.569875,9.322125,9.322125
65900,2014081913,1.99125,4.85875,4.85875
65900,2014081914,3.35425,8.976,8.976
65900,2014081915,2.015875,5.009125,5.009125
65900,2014081916,2.982125,6.676625,6.676625
65938,2014081900,0.8715,2.5636,2.5636
65938,2014081901,0.154482758621,0.67824137931,0.67824137931
65938,2014081902,0.485,2.2651,2.2651
65938,2014081903,0.127173913043,0.542304347826,0.542304347826
65938,2014081904,0.0866785714286,0.520892857143,0.520892857143
65938,2014081905,0.0143529411765,0.186823529412,0.186823529412
65938,2014081906,0.111269230769,0.577230769231,0.577230769231
65938,2014081907,0.170333333333,0.888222222222,0.888222222222
65938,2014081908,0.252384615385,1.03873076923,1.03873076923
65938,2014081909,0.213172413793,1.07506896552,1.07506896552
65938,2014081910,1.3703,3.6372,3.6372
65938,2014081911,2.3798,8.0514,8.0514
65938,2014081912,1.9335,5.2819,5.2819
65938,2014081913,1.5688,4.2524,4.2524
65938,2014081914,2.7559,7.0653,7.0653
65938,2014081915,1.9325,4.5249,4.5249
65938,2014081916,3.6137,9.7873,9.7873
65939,2014081900,0.58259375,2.272125,2.272125
65939,2014081901,0.498272727273,2.60042424242,2.60042424242
65939,2014081902,0.407107142857,2.00042857143,2.00042857143
65939,2014081903,0.14848,0.76524,0.76524
65939,2014081904,0.14452,0.90808,0.90808
65939,2014081905,0.0365,0.432230769231,0.432230769231
65939,2014081906,0.0924516129032,0.673709677419,0.673709677419
65939,2014081907,0.514357142857,1.65925,1.65925
65939,2014081908,0.118866666667,0.841566666667,0.841566666667
65939,2014081909,0.394333333333,1.75641666667,1.75641666667
65939,2014081910,0.46575,1.79508333333,1.79508333333
65939,2014081911,0.626083333333,2.33275,2.33275
65939,2014081912,1.31408333333,4.01858333333,4.01858333333
65939,2014081913,1.52008333333,4.42608333333,4.42608333333
65939,2014081914,1.495,4.50433333333,4.50433333333
65939,2014081915,1.59333333333,4.12716666667,4.12716666667
65939,2014081916,1.04991666667,3.07808333333,3.07808333333
65957,2014081900,1.545375,3.764125,3.764125
65957,2014081901,0.954875,1.5685,1.5685
65957,2014081902,0.99525,2.422375,2.422375
65957,2014081903,0.556625,1.101375,1.101375
65957,2014081904,0.655125,1.492625,1.492625
65957,2014081905,0.291,0.897375,0.897375
65957,2014081906,0.153913043478,0.647043478261,0.647043478261
65957,2014081907,0.15325,0.6781,0.6781
65957,2014081908,0.277052631579,0.952421052632,0.952421052632
65957,2014081909,0.408894736842,1.27342105263,1.27342105263
65957,2014081910,0.44485,1.7183,1.7183
65957,2014081911,0.175125,0.857,0.857
65957,2014081912,0.421142857143,1.14957142857,1.14957142857
65957,2014081913,0.333363636364,1.16381818182,1.16381818182
65957,2014081914,1.00595652174,4.15986956522,4.15986956522
65957,2014081915,0.476782608696,1.45608695652,1.45608695652
65957,2014081916,0.591125,1.73125,1.73125
65958,2014081900,0.124611111111,0.675277777778,0.675277777778
65958,2014081901,0.168470588235,0.889705882353,0.889705882353
65958,2014081902,0.238714285714,1.26614285714,1.26614285714
65958,2014081903,0.150071428571,0.699714285714,0.699714285714
65958,2014081904,0.0553333333333,0.433111111111,0.433111111111
65958,2014081905,0.127727272727,0.725181818182,0.725181818182
65958,2014081906,0.66625,2.5284375,2.5284375
65958,2014081907,0.3131875,0.93225,0.93225
65958,2014081908,1.83225,4.689125,4.689125
65958,2014081909,2.83225,6.9778125,6.9778125
65958,2014081910,3.82475,9.9835,9.9835
65958,2014081911,4.29,9.69175,9.69175
65958,2014081912,5.18885714286,10.1332857143,10.1332857143
65958,2014081913,7.39825,14.513,14.513
65958,2014081914,5.81875,11.75425,11.75425
65958,2014081915,5.749625,12.93625,12.93625
65958,2014081916,5.1155,11.22475,11.22475
65959,2014081900,1.3473,3.8992,3.8992
65959,2014081901,0.672714285714,1.85814285714,1.85814285714
65959,2014081902,2.01555555556,5.83622222222,5.83622222222
65959,2014081903,0.825777777778,2.65833333333,2.65833333333
65959,2014081904,1.14916,3.48792,3.48792
65959,2014081905,0.618071428571,2.32203571429,2.32203571429
65959,2014081906,0.514739130435,1.211,1.211
65959,2014081907,0.277208333333,0.836333333333,0.836333333333
65959,2014081908,0.844857142857,2.43760714286,2.43760714286
65959,2014081909,0.82825,1.93342857143,1.93342857143
65959,2014081910,1.3968,3.7081,3.7081
65959,2014081911,1.3431,3.6209,3.6209
65959,2014081912,1.3853,4.0602,4.0602
65959,2014081913,2.846,7.9824,7.9824
65959,2014081914,1.4872,4.74,4.74
65959,2014081915,2.9184,6.9461,6.9461
65959,2014081916,1.6958,4.7975,4.7975
74786,2014081900,0.0086,0.4892,0.4892
74786,2014081901,2.8875,13.96125,13.96125
74786,2014081902,0.026,0.4192,0.4192
74786,2014081903,0.00171428571429,0.182142857143,0.182142857143
74786,2014081904,0.012,0.33075,0.33075
74786,2014081905,0.0168333333333,0.400166666667,0.400166666667
74786,2014081906,0.0,0.267333333333,0.267333333333
74786,2014081907,0.0115714285714,0.506857142857,0.506857142857
74786,2014081908,0.0268333333333,0.695166666667,0.695166666667
74786,2014081909,0.0368571428571,0.653,0.653
74786,2014081910,0.0514,0.8028,0.8028
74786,2014081911,0.0504545454545,0.656454545455,0.656454545455
74786,2014081912,0.228428571429,1.61214285714,1.61214285714
74786,2014081913,0.6226,3.485,3.485
74786,2014081914,0.0841818181818,0.783272727273,0.783272727273
74786,2014081915,0.164285714286,0.968285714286,0.968285714286
74786,2014081916,0.0513333333333,0.653333333333,0.653333333333